{"M_t": [0.9331439127505577, 0.44528453981733535], "W": [0.21930825543743618, 0.6159423612951599]}